"Дата";"Время";"Необходимо";"Фактически";
"05.02.2018";"00:00";"0,73";"0,55";
"05.02.2018";"00:15";"0,76";"0,61";
"05.02.2018";"00:30";"0,74";"0,53";
"05.02.2018";"00:45";"0,91";"0,42";
"05.02.2018";"01:00";"0,9";"0,44";
"05.02.2018";"01:15";"0,71";"0,68";
"05.02.2018";"01:30";"0,6";"0,36";
"05.02.2018";"01:45";"0,55";"0,45";
"05.02.2018";"02:00";"0,63";"0,59";
"05.02.2018";"02:15";"0,49";"0,42";
"05.02.2018";"02:30";"0,66";"0,51";
"05.02.2018";"02:45";"0,72";"0,34";
"05.02.2018";"03:00";"0,3";"0,2";
"05.02.2018";"03:15";"0,47";"0,18";
"05.02.2018";"03:30";"0,41";"0,2";
"05.02.2018";"03:45";"0,54";"0,25";
"05.02.2018";"04:00";"0,57";"0,29";
"05.02.2018";"04:15";"0,61";"0,33";
"05.02.2018";"04:30";"0,62";"0,3";
"05.02.2018";"04:45";"0,73";"0,22";
"05.02.2018";"05:00";"1,32";"1,12";
"05.02.2018";"05:15";"1,17";"0,91";
"05.02.2018";"05:30";"1,22";"0,74";
"05.02.2018";"05:45";"1,27";"0,72";
"05.02.2018";"06:00";"1,8";"2,61";
"05.02.2018";"06:15";"1,84";"2,3";
"05.02.2018";"06:30";"1,84";"2,22";
"05.02.2018";"06:45";"2,14";"1,87";
"05.02.2018";"07:00";"2,32";"1,89";
"05.02.2018";"07:15";"2,68";"1,96";
"05.02.2018";"07:30";"2,94";"2,34";
"05.02.2018";"07:45";"2,98";"2,25";
"05.02.2018";"08:00";"3,89";"3,34";
"05.02.2018";"08:15";"4,26";"3,52";
"05.02.2018";"08:30";"5,14";"4,21";
"05.02.2018";"08:45";"6,07";"4,23";
"05.02.2018";"09:00";"6,95";"7,07";
"05.02.2018";"09:15";"7,75";"5,9";
"05.02.2018";"09:30";"8,09";"6,27";
"05.02.2018";"09:45";"8,86";"6,71";
"05.02.2018";"10:00";"9,26";"6,91";
"05.02.2018";"10:15";"9,46";"7,12";
"05.02.2018";"10:30";"9,72";"7,22";
"05.02.2018";"10:45";"9,92";"7,65";
"05.02.2018";"11:00";"10,2";"7,71";
"05.02.2018";"11:15";"10,59";"7,88";
"05.02.2018";"11:30";"11,07";"8,62";
"05.02.2018";"11:45";"11,35";"8,51";
"05.02.2018";"12:00";"11,72";"8,06";
"05.02.2018";"12:15";"11,86";"8,9";
"05.02.2018";"12:30";"12,24";"9,75";
"05.02.2018";"12:45";"12,03";"9,18";
"05.02.2018";"13:00";"12,3";"9,78";
"05.02.2018";"13:15";"11,74";"8,43";
"05.02.2018";"13:30";"11,66";"9,15";
"05.02.2018";"13:45";"11,58";"8,98";
"05.02.2018";"14:00";"11,42";"9,05";
"05.02.2018";"14:15";"11,46";"8,85";
"05.02.2018";"14:30";"11,57";"9,29";
"05.02.2018";"14:45";"11,79";"8,68";
"05.02.2018";"15:00";"11,83";"8,47";
"05.02.2018";"15:15";"11,3";"9,08";
"05.02.2018";"15:30";"11,38";"8,29";
"05.02.2018";"15:45";"11,25";"8,37";
"05.02.2018";"16:00";"10,88";"8,28";
"05.02.2018";"16:15";"9,11";"8,71";
"05.02.2018";"16:30";"8,66";"8,19";
"05.02.2018";"16:45";"8,56";"7,7";
"05.02.2018";"17:00";"8,24";"6,66";
"05.02.2018";"17:15";"7,64";"6,42";
"05.02.2018";"17:30";"7,41";"5,24";
"05.02.2018";"17:45";"7,1";"5,64";
"05.02.2018";"18:00";"6,71";"4,35";
"05.02.2018";"18:15";"6,52";"4,36";
"05.02.2018";"18:30";"6,23";"3,65";
"05.02.2018";"18:45";"5,76";"3,68";
"05.02.2018";"19:00";"5,64";"3,77";
"05.02.2018";"19:15";"4,94";"3,45";
"05.02.2018";"19:30";"4,73";"2,77";
"05.02.2018";"19:45";"4,39";"2,62";
"05.02.2018";"20:00";"4,04";"2,29";
"05.02.2018";"20:15";"3,69";"2,4";
"05.02.2018";"20:30";"3,71";"1,7";
"05.02.2018";"20:45";"3,31";"1,89";
"05.02.2018";"21:00";"2,95";"1,5";
"05.02.2018";"21:15";"2,68";"1,41";
"05.02.2018";"21:30";"2,31";"1,1";
"05.02.2018";"21:45";"2,09";"1,39";
"05.02.2018";"22:00";"1,68";"0,95";
"05.02.2018";"22:15";"1,7";"0,82";
"05.02.2018";"22:30";"1,76";"0,73";
"05.02.2018";"22:45";"1,16";"0,92";
"05.02.2018";"23:00";"1,27";"0,6";
"05.02.2018";"23:15";"1,17";"0,68";
"05.02.2018";"23:30";"1,19";"0,81";
"05.02.2018";"23:45";"1,15";"0,81";
"06.02.2018";"00:00";"0,73";"0,46";
"06.02.2018";"00:15";"0,71";"0,38";
"06.02.2018";"00:30";"0,69";"0,38";
"06.02.2018";"00:45";"0,62";"0,4";
"06.02.2018";"01:00";"0,81";"0,34";
"06.02.2018";"01:15";"0,8";"0,31";
"06.02.2018";"01:30";"0,54";"0,46";
"06.02.2018";"01:45";"0,59";"0,28";
"06.02.2018";"02:00";"0,61";"0,48";
"06.02.2018";"02:15";"0,62";"0,48";
"06.02.2018";"02:30";"0,65";"0,4";
"06.02.2018";"02:45";"0,59";"0,34";
"06.02.2018";"03:00";"0,85";"0,35";
"06.02.2018";"03:15";"0,82";"0,28";
"06.02.2018";"03:30";"0,59";"0,28";
"06.02.2018";"03:45";"0,62";"0,28";
"06.02.2018";"04:00";"0,6";"0,28";
"06.02.2018";"04:15";"0,6";"0,3";
"06.02.2018";"04:30";"0,56";"0,18";
"06.02.2018";"04:45";"0,94";"0,44";
"06.02.2018";"05:00";"1,41";"0,66";
"06.02.2018";"05:15";"1,35";"1,08";
"06.02.2018";"05:30";"1,5";"0,6";
"06.02.2018";"05:45";"1,43";"0,78";
"06.02.2018";"06:00";"1,84";"2,19";
"06.02.2018";"06:15";"1,77";"1,92";
"06.02.2018";"06:30";"1,71";"1,78";
"06.02.2018";"06:45";"2,14";"1,7";
"06.02.2018";"07:00";"1,99";"1,87";
"06.02.2018";"07:15";"2,3";"1,78";
"06.02.2018";"07:30";"2,58";"2,16";
"06.02.2018";"07:45";"2,71";"1,89";
"06.02.2018";"08:00";"3,57";"3,43";
"06.02.2018";"08:15";"3,81";"2,99";
"06.02.2018";"08:30";"4,81";"3,32";
"06.02.2018";"08:45";"5,7";"4,08";
"06.02.2018";"09:00";"6,54";"7,41";
"06.02.2018";"09:15";"7,49";"5,45";
"06.02.2018";"09:30";"8,37";"6,66";
"06.02.2018";"09:45";"9,27";"7,11";
"06.02.2018";"10:00";"10,06";"8,16";
"06.02.2018";"10:15";"10,37";"8,22";
"06.02.2018";"10:30";"11,16";"8,09";
"06.02.2018";"10:45";"10,79";"8,66";
"06.02.2018";"11:00";"10,96";"8,03";
"06.02.2018";"11:15";"10,83";"8,67";
"06.02.2018";"11:30";"10,89";"8,33";
"06.02.2018";"11:45";"10,54";"8,54";
"06.02.2018";"12:00";"10,56";"7,59";
"06.02.2018";"12:15";"10,72";"8,53";
"06.02.2018";"12:30";"10,29";"7,96";
"06.02.2018";"12:45";"10,08";"8,58";
"06.02.2018";"13:00";"10,22";"8,02";
"06.02.2018";"13:15";"10,23";"7,6";
"06.02.2018";"13:30";"10,21";"8,65";
"06.02.2018";"13:45";"10,34";"8,16";
"06.02.2018";"14:00";"10,48";"7,69";
"06.02.2018";"14:15";"10,49";"8,08";
"06.02.2018";"14:30";"10,39";"7,79";
"06.02.2018";"14:45";"10,43";"8,38";
"06.02.2018";"15:00";"9,94";"9,12";
"06.02.2018";"15:15";"10";"8,91";
"06.02.2018";"15:30";"9,98";"9,54";
"06.02.2018";"15:45";"9,5";"8,48";
"06.02.2018";"16:00";"9,3";"7,45";
"06.02.2018";"16:15";"9,57";"8,83";
"06.02.2018";"16:30";"9,21";"8,55";
"06.02.2018";"16:45";"9,02";"8,72";
"06.02.2018";"17:00";"9,23";"8,01";
"06.02.2018";"17:15";"8,85";"6,47";
"06.02.2018";"17:30";"8,65";"6,65";
"06.02.2018";"17:45";"8,39";"6,07";
"06.02.2018";"18:00";"8,21";"5,36";
"06.02.2018";"18:15";"7,82";"4,95";
"06.02.2018";"18:30";"7,56";"4,46";
"06.02.2018";"18:45";"7,17";"4,93";
"06.02.2018";"19:00";"6,8";"4,12";
"06.02.2018";"19:15";"6,53";"3,79";
"06.02.2018";"19:30";"6,19";"3,9";
"06.02.2018";"19:45";"5,34";"3,38";
"06.02.2018";"20:00";"4,83";"3,03";
"06.02.2018";"20:15";"4,47";"2,78";
"06.02.2018";"20:30";"4,03";"2,53";
"06.02.2018";"20:45";"3,49";"2,64";
"06.02.2018";"21:00";"3,62";"1,79";
"06.02.2018";"21:15";"3,14";"1,72";
"06.02.2018";"21:30";"2,51";"1,63";
"06.02.2018";"21:45";"2,44";"1,62";
"06.02.2018";"22:00";"2,01";"1,14";
"06.02.2018";"22:15";"2,05";"0,91";
"06.02.2018";"22:30";"2,12";"1,1";
"06.02.2018";"22:45";"1,49";"0,99";
"06.02.2018";"23:00";"1,51";"0,7";
"06.02.2018";"23:15";"1,38";"0,92";
"06.02.2018";"23:30";"1,37";"0,77";
"06.02.2018";"23:45";"1,38";"0,81";
"07.02.2018";"00:00";"0,84";"0,29";
"07.02.2018";"00:15";"0,85";"0,52";
"07.02.2018";"00:30";"0,84";"0,45";
"07.02.2018";"00:45";"0,76";"0,4";
"07.02.2018";"01:00";"0,95";"0,2";
"07.02.2018";"01:15";"0,99";"0,36";
"07.02.2018";"01:30";"0,8";"0,34";
"07.02.2018";"01:45";"0,94";"0,76";
"07.02.2018";"02:00";"0,92";"0,65";
"07.02.2018";"02:15";"0,92";"0,69";
"07.02.2018";"02:30";"0,95";"0,67";
"07.02.2018";"02:45";"0,77";"0,49";
"07.02.2018";"03:00";"0,95";"0,31";
"07.02.2018";"03:15";"0,93";"0,22";
"07.02.2018";"03:30";"0,73";"0,42";
"07.02.2018";"03:45";"0,82";"0,51";
"07.02.2018";"04:00";"0,79";"0,4";
"07.02.2018";"04:15";"0,79";"0,38";
"07.02.2018";"04:30";"0,78";"0,39";
"07.02.2018";"04:45";"0,64";"0,32";
"07.02.2018";"05:00";"1,7";"0,47";
"07.02.2018";"05:15";"1,43";"0,66";
"07.02.2018";"05:30";"1,67";"0,61";
"07.02.2018";"05:45";"1,41";"0,59";
"07.02.2018";"06:00";"1,92";"1,1";
"07.02.2018";"06:15";"1,94";"1,09";
"07.02.2018";"06:30";"1,96";"1";
"07.02.2018";"06:45";"2,48";"1,12";
"07.02.2018";"07:00";"2,37";"1,64";
"07.02.2018";"07:15";"2,84";"1,7";
"07.02.2018";"07:30";"3,22";"1,95";
"07.02.2018";"07:45";"3,26";"2,22";
"07.02.2018";"08:00";"4,02";"4,11";
"07.02.2018";"08:15";"4,33";"3,21";
"07.02.2018";"08:30";"5,36";"3,57";
"07.02.2018";"08:45";"6,21";"4,2";
"07.02.2018";"09:00";"7,23";"5,94";
"07.02.2018";"09:15";"8,03";"6,57";
"07.02.2018";"09:30";"9,26";"7,32";
"07.02.2018";"09:45";"9,6";"7,57";
"07.02.2018";"10:00";"10,42";"7,66";
"07.02.2018";"10:15";"10,62";"8,75";
"07.02.2018";"10:30";"10,87";"8,65";
"07.02.2018";"10:45";"11,12";"8,57";
"07.02.2018";"11:00";"10,96";"7,92";
"07.02.2018";"11:15";"11,3";"8,78";
"07.02.2018";"11:30";"11,2";"8,71";
"07.02.2018";"11:45";"10,73";"8,67";
"07.02.2018";"12:00";"10,67";"7,98";
"07.02.2018";"12:15";"10,61";"8,13";
"07.02.2018";"12:30";"10,3";"8,02";
"07.02.2018";"12:45";"10,26";"8,34";
"07.02.2018";"13:00";"10,26";"7,15";
"07.02.2018";"13:15";"10,35";"8";
"07.02.2018";"13:30";"10,28";"8,41";
"07.02.2018";"13:45";"10,29";"7,98";
"07.02.2018";"14:00";"9,93";"7,46";
"07.02.2018";"14:15";"9,8";"7,79";
"07.02.2018";"14:30";"9,71";"8,28";
"07.02.2018";"14:45";"9,71";"8,4";
"07.02.2018";"15:00";"9,65";"7,75";
"07.02.2018";"15:15";"9,41";"7,89";
"07.02.2018";"15:30";"9,39";"7,18";
"07.02.2018";"15:45";"9,4";"7,22";
"07.02.2018";"16:00";"9,33";"7,6";
"07.02.2018";"16:15";"9,19";"7,51";
"07.02.2018";"16:30";"9,55";"7,24";
"07.02.2018";"16:45";"9,48";"7,92";
"07.02.2018";"17:00";"9,27";"6,08";
"07.02.2018";"17:15";"8,83";"6,81";
"07.02.2018";"17:30";"8,35";"6,82";
"07.02.2018";"17:45";"7,85";"5,79";
"07.02.2018";"18:00";"7,93";"5,39";
"07.02.2018";"18:15";"7,15";"5,1";
"07.02.2018";"18:30";"6,73";"4,37";
"07.02.2018";"18:45";"6,4";"3,96";
"07.02.2018";"19:00";"6,15";"3,18";
"07.02.2018";"19:15";"5,38";"3,61";
"07.02.2018";"19:30";"4,97";"3,03";
"07.02.2018";"19:45";"4,5";"2,76";
"07.02.2018";"20:00";"4,11";"2,13";
"07.02.2018";"20:15";"3,68";"1,95";
"07.02.2018";"20:30";"3,29";"1,82";
"07.02.2018";"20:45";"2,81";"1,78";
"07.02.2018";"21:00";"2,65";"1,44";
"07.02.2018";"21:15";"2,32";"1,41";
"07.02.2018";"21:30";"1,91";"1,07";
"07.02.2018";"21:45";"1,93";"1,06";
"07.02.2018";"22:00";"1,42";"0,69";
"07.02.2018";"22:15";"1,41";"0,58";
"07.02.2018";"22:30";"1,47";"0,61";
"07.02.2018";"22:45";"1,41";"0,83";
"07.02.2018";"23:00";"1,55";"0,68";
"07.02.2018";"23:15";"1,6";"0,66";
"07.02.2018";"23:30";"1,46";"0,84";
"07.02.2018";"23:45";"1,5";"0,9";
"08.02.2018";"00:00";"1,08";"0,74";
"08.02.2018";"00:15";"1,14";"0,43";
"08.02.2018";"00:30";"1,18";"0,75";
"08.02.2018";"00:45";"0,55";"0,31";
"08.02.2018";"01:00";"0,71";"0,36";
"08.02.2018";"01:15";"0,72";"0,37";
"08.02.2018";"01:30";"0,7";"0,36";
"08.02.2018";"01:45";"0,61";"0,45";
"08.02.2018";"02:00";"0,61";"0,52";
"08.02.2018";"02:15";"0,6";"0,44";
"08.02.2018";"02:30";"0,58";"0,55";
"08.02.2018";"02:45";"0,44";"0,29";
"08.02.2018";"03:00";"0,53";"0,26";
"08.02.2018";"03:15";"0,58";"0,3";
"08.02.2018";"03:30";"0,58";"0,2";
"08.02.2018";"03:45";"0,54";"0,33";
"08.02.2018";"04:00";"0,53";"0,3";
"08.02.2018";"04:15";"0,57";"0,27";
"08.02.2018";"04:30";"0,55";"0,24";
"08.02.2018";"04:45";"0,48";"0,28";
"08.02.2018";"05:00";"0,75";"0,35";
"08.02.2018";"05:15";"0,8";"0,39";
"08.02.2018";"05:30";"0,8";"0,24";
"08.02.2018";"05:45";"0,74";"0,45";
"08.02.2018";"06:00";"1,25";"0,79";
"08.02.2018";"06:15";"1,61";"1,25";
"08.02.2018";"06:30";"1,46";"1,13";
"08.02.2018";"06:45";"1,52";"1,02";
"08.02.2018";"07:00";"2,09";"1,7";
"08.02.2018";"07:15";"2,5";"1,66";
"08.02.2018";"07:30";"2,42";"1,85";
"08.02.2018";"07:45";"2,87";"2,06";
"08.02.2018";"08:00";"3,38";"2,89";
"08.02.2018";"08:15";"4,21";"3,03";
"08.02.2018";"08:30";"5,08";"3,32";
"08.02.2018";"08:45";"5,96";"4,36";
"08.02.2018";"09:00";"6,95";"4,94";
"08.02.2018";"09:15";"7,77";"5,24";
"08.02.2018";"09:30";"8,54";"5,77";
"08.02.2018";"09:45";"9,19";"6,7";
"08.02.2018";"10:00";"9,67";"7,08";
"08.02.2018";"10:15";"10,17";"7,85";
"08.02.2018";"10:30";"10,34";"7,92";
"08.02.2018";"10:45";"10,45";"7,88";
"08.02.2018";"11:00";"10,31";"7,32";
"08.02.2018";"11:15";"10,26";"7,32";
"08.02.2018";"11:30";"10,34";"7,42";
"08.02.2018";"11:45";"10,3";"7,07";
"08.02.2018";"12:00";"10,24";"7,8";
"08.02.2018";"12:15";"10,25";"8,03";
"08.02.2018";"12:30";"10,62";"7,54";
"08.02.2018";"12:45";"10,65";"8,18";
"08.02.2018";"13:00";"10,46";"7,81";
"08.02.2018";"13:15";"10,38";"8,06";
"08.02.2018";"13:30";"10,67";"8,17";
"08.02.2018";"13:45";"10,33";"8,22";
"08.02.2018";"14:00";"10,45";"7,46";
"08.02.2018";"14:15";"10,06";"7,35";
"08.02.2018";"14:30";"10,11";"7,2";
"08.02.2018";"14:45";"9,73";"7,94";
"08.02.2018";"15:00";"9,71";"7,75";
"08.02.2018";"15:15";"9,78";"7,26";
"08.02.2018";"15:30";"9,87";"7,73";
"08.02.2018";"15:45";"10,45";"8,48";
"08.02.2018";"16:00";"10,07";"7,31";
"08.02.2018";"16:15";"10,24";"7,51";
"08.02.2018";"16:30";"9,93";"7,59";
"08.02.2018";"16:45";"9,55";"7,09";
"08.02.2018";"17:00";"9,8";"5,66";
"08.02.2018";"17:15";"9,31";"6,84";
"08.02.2018";"17:30";"8,94";"5,54";
"08.02.2018";"17:45";"8,59";"6,01";
"08.02.2018";"18:00";"8,3";"5,1";
"08.02.2018";"18:15";"7,9";"5,4";
"08.02.2018";"18:30";"7,48";"4,78";
"08.02.2018";"18:45";"6,7";"3,76";
"08.02.2018";"19:00";"6,23";"3,43";
"08.02.2018";"19:15";"5,89";"3,18";
"08.02.2018";"19:30";"5,37";"3,43";
"08.02.2018";"19:45";"5,01";"2,8";
"08.02.2018";"20:00";"4,52";"2,56";
"08.02.2018";"20:15";"4";"2,23";
"08.02.2018";"20:30";"3,7";"2,1";
"08.02.2018";"20:45";"3,75";"2,03";
"08.02.2018";"21:00";"3,44";"1,57";
"08.02.2018";"21:15";"3,6";"2,03";
"08.02.2018";"21:30";"3,09";"1,77";
"08.02.2018";"21:45";"3,08";"1,68";
"08.02.2018";"22:00";"2,49";"1,1";
"08.02.2018";"22:15";"2,6";"1,21";
"08.02.2018";"22:30";"2,6";"1,22";
"08.02.2018";"22:45";"2,77";"0,87";
"08.02.2018";"23:00";"2,07";"0,57";
"08.02.2018";"23:15";"1,88";"0,99";
"08.02.2018";"23:30";"1,89";"0,96";
"08.02.2018";"23:45";"1,85";"0,93";
"09.02.2018";"00:00";"1,36";"0,8";
"09.02.2018";"00:15";"1,33";"0,65";
"09.02.2018";"00:30";"1,26";"0,45";
"09.02.2018";"00:45";"1,46";"0,48";
"09.02.2018";"01:00";"1,47";"0,44";
"09.02.2018";"01:15";"1,25";"0,66";
"09.02.2018";"01:30";"1,28";"0,67";
"09.02.2018";"01:45";"0,87";"0,61";
"09.02.2018";"02:00";"0,88";"0,62";
"09.02.2018";"02:15";"0,95";"0,62";
"09.02.2018";"02:30";"0,97";"0,61";
"09.02.2018";"02:45";"1,12";"0,37";
"09.02.2018";"03:00";"0,86";"0,39";
"09.02.2018";"03:15";"1,09";"0,42";
"09.02.2018";"03:30";"0,84";"0,33";
"09.02.2018";"03:45";"0,89";"0,47";
"09.02.2018";"04:00";"0,83";"0,38";
"09.02.2018";"04:15";"0,79";"0,28";
"09.02.2018";"04:30";"0,75";"0,36";
"09.02.2018";"04:45";"0,82";"0,23";
"09.02.2018";"05:00";"0,99";"0,68";
"09.02.2018";"05:15";"0,8";"0,36";
"09.02.2018";"05:30";"1,41";"0,72";
"09.02.2018";"05:45";"1,42";"0,72";
"09.02.2018";"06:00";"1,37";"1,26";
"09.02.2018";"06:15";"1,35";"1,02";
"09.02.2018";"06:30";"1,65";"1,66";
"09.02.2018";"06:45";"1,79";"1,35";
"09.02.2018";"07:00";"2,37";"2,17";
"09.02.2018";"07:15";"2,26";"1,75";
"09.02.2018";"07:30";"2,73";"2";
"09.02.2018";"07:45";"3,07";"1,98";
"09.02.2018";"08:00";"3,93";"3,02";
"09.02.2018";"08:15";"4,64";"3,6";
"09.02.2018";"08:30";"5,6";"3,86";
"09.02.2018";"08:45";"6,25";"4,42";
"09.02.2018";"09:00";"7";"6,62";
"09.02.2018";"09:15";"7,82";"5,77";
"09.02.2018";"09:30";"8,85";"6,57";
"09.02.2018";"09:45";"9,09";"7,18";
"09.02.2018";"10:00";"9,77";"7,13";
"09.02.2018";"10:15";"9,97";"7,33";
"09.02.2018";"10:30";"10,2";"7,81";
"09.02.2018";"10:45";"10,63";"8,05";
"09.02.2018";"11:00";"11,03";"7,7";
"09.02.2018";"11:15";"11,32";"8,46";
"09.02.2018";"11:30";"11,32";"8,54";
"09.02.2018";"11:45";"11,4";"8,65";
"09.02.2018";"12:00";"11,47";"8,51";
"09.02.2018";"12:15";"11,17";"8,08";
"09.02.2018";"12:30";"10,21";"7,59";
"09.02.2018";"12:45";"10,24";"7,73";
"09.02.2018";"13:00";"10,2";"7,7";
"09.02.2018";"13:15";"10,23";"7,58";
"09.02.2018";"13:30";"10,14";"7,79";
"09.02.2018";"13:45";"10,04";"7,33";
"09.02.2018";"14:00";"10,01";"7,65";
"09.02.2018";"14:15";"9,81";"6,28";
"09.02.2018";"14:30";"9,74";"7,79";
"09.02.2018";"14:45";"9,44";"7,12";
"09.02.2018";"15:00";"9,49";"7,1";
"09.02.2018";"15:15";"9,65";"7,77";
"09.02.2018";"15:30";"9,51";"7,1";
"09.02.2018";"15:45";"9,56";"7,27";
"09.02.2018";"16:00";"9,73";"6,75";
"09.02.2018";"16:15";"9,64";"6,68";
"09.02.2018";"16:30";"9,58";"6,33";
"09.02.2018";"16:45";"9,52";"7,46";
"09.02.2018";"17:00";"8,97";"6,03";
"09.02.2018";"17:15";"9,01";"6,13";
"09.02.2018";"17:30";"8,54";"4,98";
"09.02.2018";"17:45";"8,21";"5,95";
"09.02.2018";"18:00";"7,91";"4,38";
"09.02.2018";"18:15";"7,21";"4,36";
"09.02.2018";"18:30";"6,92";"3,71";
"09.02.2018";"18:45";"6,11";"3,67";
"09.02.2018";"19:00";"5,58";"3,11";
"09.02.2018";"19:15";"5,26";"2,79";
"09.02.2018";"19:30";"4,72";"1,96";
"09.02.2018";"19:45";"4,25";"2,12";
"09.02.2018";"20:00";"3,68";"1,84";
"09.02.2018";"20:15";"3,36";"1,72";
"09.02.2018";"20:30";"2,93";"1,36";
"09.02.2018";"20:45";"2,92";"1,56";
"09.02.2018";"21:00";"2,95";"1,33";
"09.02.2018";"21:15";"2,55";"1,37";
"09.02.2018";"21:30";"2,57";"1,6";
"09.02.2018";"21:45";"2,64";"1,34";
"09.02.2018";"22:00";"1,99";"1,34";
"09.02.2018";"22:15";"1,97";"1,12";
"09.02.2018";"22:30";"1,95";"0,99";
"09.02.2018";"22:45";"1,65";"0,95";
"09.02.2018";"23:00";"1,57";"0,79";
"09.02.2018";"23:15";"1,46";"0,77";
"09.02.2018";"23:30";"1,54";"0,92";
"09.02.2018";"23:45";"1,56";"0,99";
"10.02.2018";"00:00";"0,7";"0,38";
"10.02.2018";"00:15";"0,68";"0,36";
"10.02.2018";"00:30";"0,66";"0,3";
"10.02.2018";"00:45";"0,81";"0,27";
"10.02.2018";"01:00";"0,84";"0,41";
"10.02.2018";"01:15";"0,65";"0,32";
"10.02.2018";"01:30";"0,71";"0,4";
"10.02.2018";"01:45";"0,94";"0,72";
"10.02.2018";"02:00";"0,93";"0,66";
"10.02.2018";"02:15";"0,99";"0,56";
"10.02.2018";"02:30";"1,07";"0,78";
"10.02.2018";"02:45";"1,21";"0,47";
"10.02.2018";"03:00";"0,91";"0,52";
"10.02.2018";"03:15";"1,07";"0,47";
"10.02.2018";"03:30";"0,72";"0,34";
"10.02.2018";"03:45";"0,72";"0,56";
"10.02.2018";"04:00";"0,63";"0,36";
"10.02.2018";"04:15";"0,58";"0,38";
"10.02.2018";"04:30";"0,6";"0,24";
"10.02.2018";"04:45";"0,71";"0,15";
"10.02.2018";"05:00";"1,07";"0,64";
"10.02.2018";"05:15";"0,88";"0,64";
"10.02.2018";"05:30";"0,79";"0,46";
"10.02.2018";"05:45";"1,34";"0,78";
"10.02.2018";"06:00";"1,69";"1,17";
"10.02.2018";"06:15";"1,7";"0,81";
"10.02.2018";"06:30";"1,74";"1,05";
"10.02.2018";"06:45";"1,84";"0,81";
"10.02.2018";"07:00";"2,09";"1,6";
"10.02.2018";"07:15";"2,21";"1,23";
"10.02.2018";"07:30";"2,48";"1,68";
"10.02.2018";"07:45";"2,46";"1,44";
"10.02.2018";"08:00";"3,17";"2,52";
"10.02.2018";"08:15";"3,52";"2,26";
"10.02.2018";"08:30";"3,85";"2,19";
"10.02.2018";"08:45";"4,45";"2,51";
"10.02.2018";"09:00";"5,16";"3,97";
"10.02.2018";"09:15";"5,44";"3,58";
"10.02.2018";"09:30";"6,66";"4,51";
"10.02.2018";"09:45";"7,19";"5,15";
"10.02.2018";"10:00";"8,03";"5,26";
"10.02.2018";"10:15";"8,47";"5,66";
"10.02.2018";"10:30";"9,44";"5,76";
"10.02.2018";"10:45";"9,8";"6,28";
"10.02.2018";"11:00";"10,12";"6,65";
"10.02.2018";"11:15";"10,08";"6,81";
"10.02.2018";"11:30";"10,08";"6,48";
"10.02.2018";"11:45";"10,15";"7,42";
"10.02.2018";"12:00";"10,28";"7,96";
"10.02.2018";"12:15";"10,18";"8,15";
"10.02.2018";"12:30";"9,78";"7,93";
"10.02.2018";"12:45";"9,25";"7,5";
"10.02.2018";"13:00";"8,74";"6,72";
"10.02.2018";"13:15";"8,17";"5,6";
"10.02.2018";"13:30";"7,79";"5,08";
"10.02.2018";"13:45";"7,87";"5,81";
"10.02.2018";"14:00";"7,62";"5,52";
"10.02.2018";"14:15";"7,59";"6,41";
"10.02.2018";"14:30";"7,55";"6,02";
"10.02.2018";"14:45";"7,39";"5,26";
"10.02.2018";"15:00";"7,47";"6,04";
"10.02.2018";"15:15";"7,25";"5,62";
"10.02.2018";"15:30";"7,39";"6,44";
"10.02.2018";"15:45";"7,16";"5,08";
"10.02.2018";"16:00";"6,5";"4,48";
"10.02.2018";"16:15";"6,2";"5,11";
"10.02.2018";"16:30";"6";"5,22";
"10.02.2018";"16:45";"5,66";"4,89";
"10.02.2018";"17:00";"5,76";"3,19";
"10.02.2018";"17:15";"5,29";"3,86";
"10.02.2018";"17:30";"4,53";"3,96";
"10.02.2018";"17:45";"4,21";"3,31";
"10.02.2018";"18:00";"4,18";"3,14";
"10.02.2018";"18:15";"3,79";"4,04";
"10.02.2018";"18:30";"3,45";"2,6";
"10.02.2018";"18:45";"3,44";"2,47";
"10.02.2018";"19:00";"2,7";"2,59";
"10.02.2018";"19:15";"2,77";"2,08";
"10.02.2018";"19:30";"2,87";"1,82";
"10.02.2018";"19:45";"2,38";"1,88";
"10.02.2018";"20:00";"2,37";"1,77";
"10.02.2018";"20:15";"2,26";"1,85";
"10.02.2018";"20:30";"2,3";"1,74";
"10.02.2018";"20:45";"2,26";"1,7";
"10.02.2018";"21:00";"1,81";"0,48";
"10.02.2018";"21:15";"1,91";"0,71";
"10.02.2018";"21:30";"1,94";"0,83";
"10.02.2018";"21:45";"1,9";"0,53";
"10.02.2018";"22:00";"1,84";"0,81";
"10.02.2018";"22:15";"1,3";"0,4";
"10.02.2018";"22:30";"1,49";"0,26";
"10.02.2018";"22:45";"1,56";"0,5";
"10.02.2018";"23:00";"1,33";"0,73";
"10.02.2018";"23:15";"1,18";"0,55";
"10.02.2018";"23:30";"1,17";"0,43";
"10.02.2018";"23:45";"1,16";"0,52";
"11.02.2018";"00:00";"0,5";"0,38";
"11.02.2018";"00:15";"0,49";"0,35";
"11.02.2018";"00:30";"0,49";"0,3";
"11.02.2018";"00:45";"0,48";"0,3";
"11.02.2018";"01:00";"0,51";"0,23";
"11.02.2018";"01:15";"0,48";"0,32";
"11.02.2018";"01:30";"0,43";"0,31";
"11.02.2018";"01:45";"0,65";"0,54";
"11.02.2018";"02:00";"0,63";"0,63";
"11.02.2018";"02:15";"0,55";"0,38";
"11.02.2018";"02:30";"0,51";"0,41";
"11.02.2018";"02:45";"0,47";"0,31";
"11.02.2018";"03:00";"0,46";"0,41";
"11.02.2018";"03:15";"0,46";"0,31";
"11.02.2018";"03:30";"0,46";"0,43";
"11.02.2018";"03:45";"0,45";"0,42";
"11.02.2018";"04:00";"0,46";"0,47";
"11.02.2018";"04:15";"0,57";"0,48";
"11.02.2018";"04:30";"0,53";"1,15";
"11.02.2018";"04:45";"0,56";"0,4";
"11.02.2018";"05:00";"0,87";"1,04";
"11.02.2018";"05:15";"0,65";"0,64";
"11.02.2018";"05:30";"0,86";"0,81";
"11.02.2018";"05:45";"0,71";"0,59";
"11.02.2018";"06:00";"0,7";"1,13";
"11.02.2018";"06:15";"0,85";"1,99";
"11.02.2018";"06:30";"0,72";"0,64";
"11.02.2018";"06:45";"1,47";"1,53";
"11.02.2018";"07:00";"1,27";"1,05";
"11.02.2018";"07:15";"1,24";"1,25";
"11.02.2018";"07:30";"1,36";"0,67";
"11.02.2018";"07:45";"1,28";"0,87";
"11.02.2018";"08:00";"1,64";"1,52";
"11.02.2018";"08:15";"1,59";"1,32";
"11.02.2018";"08:30";"1,51";"1,14";
"11.02.2018";"08:45";"1,98";"1,39";
"11.02.2018";"09:00";"2,06";"1,79";
"11.02.2018";"09:15";"2,07";"1,24";
"11.02.2018";"09:30";"2,54";"1,59";
"11.02.2018";"09:45";"2,46";"1,96";
"11.02.2018";"10:00";"2,83";"1,83";
"11.02.2018";"10:15";"2,92";"1,6";
"11.02.2018";"10:30";"3,19";"2,15";
"11.02.2018";"10:45";"3,23";"2,04";
"11.02.2018";"11:00";"3,25";"1,82";
"11.02.2018";"11:15";"2,92";"1,85";
"11.02.2018";"11:30";"2,86";"1,75";
"11.02.2018";"11:45";"2,94";"1,61";
"11.02.2018";"12:00";"2,77";"1,79";
"11.02.2018";"12:15";"2,74";"2,05";
"11.02.2018";"12:30";"2,83";"1,51";
"11.02.2018";"12:45";"2,77";"1,68";
"11.02.2018";"13:00";"2,67";"1,8";
"11.02.2018";"13:15";"2,7";"1,61";
"11.02.2018";"13:30";"2,31";"1,59";
"11.02.2018";"13:45";"2,32";"1,91";
"11.02.2018";"14:00";"2,29";"1,76";
"11.02.2018";"14:15";"2,51";"1,84";
"11.02.2018";"14:30";"2,45";"1,76";
"11.02.2018";"14:45";"2,31";"1,77";
"11.02.2018";"15:00";"2,32";"1,73";
"11.02.2018";"15:15";"2,3";"1,93";
"11.02.2018";"15:30";"2,37";"1,53";
"11.02.2018";"15:45";"2,28";"1,62";
"11.02.2018";"16:00";"2,25";"1,72";
"11.02.2018";"16:15";"2,4";"1,43";
"11.02.2018";"16:30";"2,33";"1,78";
"11.02.2018";"16:45";"2,26";"1,82";
"11.02.2018";"17:00";"2,41";"1,59";
"11.02.2018";"17:15";"2,06";"1,4";
"11.02.2018";"17:30";"1,98";"1,5";
"11.02.2018";"17:45";"2,06";"1,45";
"11.02.2018";"18:00";"2,11";"1,46";
"11.02.2018";"18:15";"2,1";"1,58";
"11.02.2018";"18:30";"1,65";"1,16";
"11.02.2018";"18:45";"1,7";"1,13";
"11.02.2018";"19:00";"1,88";"0,96";
"11.02.2018";"19:15";"2";"0,76";
"11.02.2018";"19:30";"1,66";"1,05";
"11.02.2018";"19:45";"1,6";"1,01";
"11.02.2018";"20:00";"1,69";"0,81";
"11.02.2018";"20:15";"1,7";"0,82";
"11.02.2018";"20:30";"1,2";"0,64";
"11.02.2018";"20:45";"1,22";"0,65";
"11.02.2018";"21:00";"1,24";"0,53";
"11.02.2018";"21:15";"1,33";"0,66";
"11.02.2018";"21:30";"1,25";"0,58";
"11.02.2018";"21:45";"1,15";"0,8";
"11.02.2018";"22:00";"1,15";"0,66";
"11.02.2018";"22:15";"1,15";"0,71";
"11.02.2018";"22:30";"1,23";"0,65";
"11.02.2018";"22:45";"1,17";"0,83";
"11.02.2018";"23:00";"1,2";"0,72";
"11.02.2018";"23:15";"0,95";"0,29";
"11.02.2018";"23:30";"0,71";"0,42";
"11.02.2018";"23:45";"0,72";"0,35";
"12.02.2018";"00:00";"1,2";"0,63";
"12.02.2018";"00:15";"0,69";"0,48";
"12.02.2018";"00:30";"0,65";"0,35";
"12.02.2018";"00:45";"0,57";"0,39";
"12.02.2018";"01:00";"0,57";"0,32";
"12.02.2018";"01:15";"0,7";"0,28";
"12.02.2018";"01:30";"0,7";"0,27";
"12.02.2018";"01:45";"0,48";"0,29";
"12.02.2018";"02:00";"0,49";"0,27";
"12.02.2018";"02:15";"0,41";"0,27";
"12.02.2018";"02:30";"0,57";"0,36";
"12.02.2018";"02:45";"0,26";"0,19";
"12.02.2018";"03:00";"0,31";"0,13";
"12.02.2018";"03:15";"0,24";"0,15";
"12.02.2018";"03:30";"0,36";"0,08";
"12.02.2018";"03:45";"0,35";"0,21";
"12.02.2018";"04:00";"0,39";"0,18";
"12.02.2018";"04:15";"0,43";"0,18";
"12.02.2018";"04:30";"0,45";"0,23";
"12.02.2018";"04:45";"0,45";"0,15";
"12.02.2018";"05:00";"0,89";"0,57";
"12.02.2018";"05:15";"1,03";"0,53";
"12.02.2018";"05:30";"1,03";"0,59";
"12.02.2018";"05:45";"0,94";"0,46";
"12.02.2018";"06:00";"1,43";"1,06";
"12.02.2018";"06:15";"1,41";"0,96";
"12.02.2018";"06:30";"1,41";"0,99";
"12.02.2018";"06:45";"1,77";"1,16";
"12.02.2018";"07:00";"1,71";"1,69";
"12.02.2018";"07:15";"1,99";"1,7";
"12.02.2018";"07:30";"2,43";"1,94";
"12.02.2018";"07:45";"2,31";"1,74";
"12.02.2018";"08:00";"2,98";"2,57";
"12.02.2018";"08:15";"3,32";"2,41";
"12.02.2018";"08:30";"3,76";"2,5";
"12.02.2018";"08:45";"4,25";"3,22";
"12.02.2018";"09:00";"5,13";"3,73";
"12.02.2018";"09:15";"6,01";"3,97";
"12.02.2018";"09:30";"6,64";"4,57";
"12.02.2018";"09:45";"6,85";"4,88";
"12.02.2018";"10:00";"7,42";"5,73";
"12.02.2018";"10:15";"7,67";"5,54";
"12.02.2018";"10:30";"7,93";"5,83";
"12.02.2018";"10:45";"8,11";"5,99";
"12.02.2018";"11:00";"8,31";"6,2";
"12.02.2018";"11:15";"8,63";"6,51";
"12.02.2018";"11:30";"8,91";"6,56";
"12.02.2018";"11:45";"8,97";"6,87";
"12.02.2018";"12:00";"8,97";"6,91";
"12.02.2018";"12:15";"9,24";"7,6";
"12.02.2018";"12:30";"10,42";"7,75";
"12.02.2018";"12:45";"10,42";"8,11";
"12.02.2018";"13:00";"10,41";"7,79";
"12.02.2018";"13:15";"10,3";"7,89";
"12.02.2018";"13:30";"10,41";"7,62";
"12.02.2018";"13:45";"10,17";"7,69";
"12.02.2018";"14:00";"10,26";"7,41";
"12.02.2018";"14:15";"10,19";"6,43";
"12.02.2018";"14:30";"10,09";"7,44";
"12.02.2018";"14:45";"10,13";"7,88";
"12.02.2018";"15:00";"10";"7,6";
"12.02.2018";"15:15";"9,63";"8,44";
"12.02.2018";"15:30";"9,74";"7,89";
"12.02.2018";"15:45";"9,38";"7,5";
"12.02.2018";"16:00";"9,43";"7,26";
"12.02.2018";"16:15";"9";"6,48";
"12.02.2018";"16:30";"8,56";"6,16";
"12.02.2018";"16:45";"8,49";"6,75";
"12.02.2018";"17:00";"8,22";"4,97";
"12.02.2018";"17:15";"7,99";"5,87";
"12.02.2018";"17:30";"7,48";"5,78";
"12.02.2018";"17:45";"7,2";"5,39";
"12.02.2018";"18:00";"6,42";"4,22";
"12.02.2018";"18:15";"6,22";"3,99";
"12.02.2018";"18:30";"5,98";"3,34";
"12.02.2018";"18:45";"5,75";"3,6";
"12.02.2018";"19:00";"5,5";"3,7";
"12.02.2018";"19:15";"5,26";"3,68";
"12.02.2018";"19:30";"4,92";"3,27";
"12.02.2018";"19:45";"4,62";"3,6";
"12.02.2018";"20:00";"4,21";"3,13";
"12.02.2018";"20:15";"3,78";"2,77";
"12.02.2018";"20:30";"3,31";"2,33";
"12.02.2018";"20:45";"2,89";"2,86";
"12.02.2018";"21:00";"2,85";"1,85";
"12.02.2018";"21:15";"2,48";"1,83";
"12.02.2018";"21:30";"1,96";"1,45";
"12.02.2018";"21:45";"2,04";"1,81";
"12.02.2018";"22:00";"1,99";"1,26";
"12.02.2018";"22:15";"1,69";"1,09";
"12.02.2018";"22:30";"1,63";"1,11";
"12.02.2018";"22:45";"1,77";"1,6";
"12.02.2018";"23:00";"1,55";"0,81";
"12.02.2018";"23:15";"1,06";"0,7";
"12.02.2018";"23:30";"1,01";"0,63";
"12.02.2018";"23:45";"1,03";"0,73";
"13.02.2018";"00:00";"0,48";"0,37";
"13.02.2018";"00:15";"0,48";"0,33";
"13.02.2018";"00:30";"0,46";"0,34";
"13.02.2018";"00:45";"0,5";"0,23";
"13.02.2018";"01:00";"0,49";"0,3";
"13.02.2018";"01:15";"0,41";"0,3";
"13.02.2018";"01:30";"0,45";"0,27";
"13.02.2018";"01:45";"0,4";"0,51";
"13.02.2018";"02:00";"0,4";"0,37";
"13.02.2018";"02:15";"0,37";"0,34";
"13.02.2018";"02:30";"0,37";"0,39";
"13.02.2018";"02:45";"0,35";"0,19";
"13.02.2018";"03:00";"0,27";"0,18";
"13.02.2018";"03:15";"0,35";"0,18";
"13.02.2018";"03:30";"0,35";"0,18";
"13.02.2018";"03:45";"0,34";"0,15";
"13.02.2018";"04:00";"0,36";"0,21";
"13.02.2018";"04:15";"0,38";"0,21";
"13.02.2018";"04:30";"0,39";"0,19";
"13.02.2018";"04:45";"0,78";"0,24";
"13.02.2018";"05:00";"1,06";"0,47";
"13.02.2018";"05:15";"1,1";"0,43";
"13.02.2018";"05:30";"1,01";"0,49";
"13.02.2018";"05:45";"1,08";"0,46";
"13.02.2018";"06:00";"1,1";"0,92";
"13.02.2018";"06:15";"1,47";"1,1";
"13.02.2018";"06:30";"1,43";"0,81";
"13.02.2018";"06:45";"1,44";"1,04";
"13.02.2018";"07:00";"1,96";"1,58";
"13.02.2018";"07:15";"1,9";"1,27";
"13.02.2018";"07:30";"2,19";"1,23";
"13.02.2018";"07:45";"2,44";"1,56";
"13.02.2018";"08:00";"2,99";"2,21";
"13.02.2018";"08:15";"3,59";"2,32";
"13.02.2018";"08:30";"4,33";"2,94";
"13.02.2018";"08:45";"4,72";"3,24";
"13.02.2018";"09:00";"5,81";"4,6";
"13.02.2018";"09:15";"6,45";"4,74";
"13.02.2018";"09:30";"7,27";"5,16";
"13.02.2018";"09:45";"7,87";"5,83";
"13.02.2018";"10:00";"8,45";"6,3";
"13.02.2018";"10:15";"8,75";"6,48";
"13.02.2018";"10:30";"8,95";"6,96";
"13.02.2018";"10:45";"9,23";"6,85";
"13.02.2018";"11:00";"9,31";"6,79";
"13.02.2018";"11:15";"9,18";"6,66";
"13.02.2018";"11:30";"9,2";"7,48";
"13.02.2018";"11:45";"8,99";"6,98";
"13.02.2018";"12:00";"9,06";"6,42";
"13.02.2018";"12:15";"9,04";"7,27";
"13.02.2018";"12:30";"9,47";"7,24";
"13.02.2018";"12:45";"9,29";"7,4";
"13.02.2018";"13:00";"9,22";"7,13";
"13.02.2018";"13:15";"9,14";"6,9";
"13.02.2018";"13:30";"8,93";"6,25";
"13.02.2018";"13:45";"9,13";"6,47";
"13.02.2018";"14:00";"8,88";"6,3";
"13.02.2018";"14:15";"8,98";"6,57";
"13.02.2018";"14:30";"8,95";"6,83";
"13.02.2018";"14:45";"9,04";"6,64";
"13.02.2018";"15:00";"8,65";"6,32";
"13.02.2018";"15:15";"8,52";"6,42";
"13.02.2018";"15:30";"8,5";"6,2";
"13.02.2018";"15:45";"8,14";"6,14";
"13.02.2018";"16:00";"8,02";"5,14";
"13.02.2018";"16:15";"8,27";"5,61";
"13.02.2018";"16:30";"7,82";"5,62";
"13.02.2018";"16:45";"7,55";"5,26";
"13.02.2018";"17:00";"7,66";"4,8";
"13.02.2018";"17:15";"7,37";"5,99";
"13.02.2018";"17:30";"7,35";"4,96";
"13.02.2018";"17:45";"7,06";"6,23";
"13.02.2018";"18:00";"6,7";"4,83";
"13.02.2018";"18:15";"6,36";"4,87";
"13.02.2018";"18:30";"6,22";"3,64";
"13.02.2018";"18:45";"5,81";"3,84";
"13.02.2018";"19:00";"5,29";"3,53";
"13.02.2018";"19:15";"4,89";"3,39";
"13.02.2018";"19:30";"4,85";"3,22";
"13.02.2018";"19:45";"4,42";"3,2";
"13.02.2018";"20:00";"4,2";"2,42";
"13.02.2018";"20:15";"3,91";"2,89";
"13.02.2018";"20:30";"3,23";"2,06";
"13.02.2018";"20:45";"2,96";"2,64";
"13.02.2018";"21:00";"2,45";"1,28";
"13.02.2018";"21:15";"1,98";"1,2";
"13.02.2018";"21:30";"2,01";"1,35";
"13.02.2018";"21:45";"1,93";"1,29";
"13.02.2018";"22:00";"1,61";"0,7";
"13.02.2018";"22:15";"1,83";"0,8";
"13.02.2018";"22:30";"1,6";"0,85";
"13.02.2018";"22:45";"1,29";"0,78";
"13.02.2018";"23:00";"1,12";"0,52";
"13.02.2018";"23:15";"1,09";"0,75";
"13.02.2018";"23:30";"1,07";"0,58";
"13.02.2018";"23:45";"1,07";"0,7";
"14.02.2018";"00:00";"0,66";"0,28";
"14.02.2018";"00:15";"0,67";"0,26";
"14.02.2018";"00:30";"0,66";"0,26";
"14.02.2018";"00:45";"0,81";"0,27";
"14.02.2018";"01:00";"0,79";"0,26";
"14.02.2018";"01:15";"0,63";"0,26";
"14.02.2018";"01:30";"0,65";"0,34";
"14.02.2018";"01:45";"0,74";"0,3";
"14.02.2018";"02:00";"0,74";"0,32";
"14.02.2018";"02:15";"0,74";"0,26";
"14.02.2018";"02:30";"0,74";"0,44";
"14.02.2018";"02:45";"0,8";"0,29";
"14.02.2018";"03:00";"0,56";"0,22";
"14.02.2018";"03:15";"0,72";"0,21";
"14.02.2018";"03:30";"0,55";"0,28";
"14.02.2018";"03:45";"0,62";"0,24";
"14.02.2018";"04:00";"0,62";"0,3";
"14.02.2018";"04:15";"0,63";"0,28";
"14.02.2018";"04:30";"0,62";"0,26";
"14.02.2018";"04:45";"0,64";"0,17";
"14.02.2018";"05:00";"1,47";"0,46";
"14.02.2018";"05:15";"1,24";"0,56";
"14.02.2018";"05:30";"1,19";"0,48";
"14.02.2018";"05:45";"1,16";"0,4";
"14.02.2018";"06:00";"1,48";"0,85";
"14.02.2018";"06:15";"1,48";"0,9";
"14.02.2018";"06:30";"1,5";"0,69";
"14.02.2018";"06:45";"1,91";"0,91";
"14.02.2018";"07:00";"2,23";"1,99";
"14.02.2018";"07:15";"2,26";"1,64";
"14.02.2018";"07:30";"2,58";"1,69";
"14.02.2018";"07:45";"2,97";"1,74";
"14.02.2018";"08:00";"3,51";"3,51";
"14.02.2018";"08:15";"4,17";"3";
"14.02.2018";"08:30";"4,6";"3,34";
"14.02.2018";"08:45";"5,23";"3,7";
"14.02.2018";"09:00";"6,13";"4,63";
"14.02.2018";"09:15";"6,93";"5,21";
"14.02.2018";"09:30";"8,08";"5,81";
"14.02.2018";"09:45";"8,41";"6,28";
"14.02.2018";"10:00";"9";"6,87";
"14.02.2018";"10:15";"9,16";"6,71";
"14.02.2018";"10:30";"9,75";"7,07";
"14.02.2018";"10:45";"9,94";"7,17";
"14.02.2018";"11:00";"9,72";"7,3";
"14.02.2018";"11:15";"9,94";"7,05";
"14.02.2018";"11:30";"9,85";"7,25";
"14.02.2018";"11:45";"9,48";"7,56";
"14.02.2018";"12:00";"9,37";"7,43";
"14.02.2018";"12:15";"9,3";"7,08";
"14.02.2018";"12:30";"9,32";"7,33";
"14.02.2018";"12:45";"9,35";"6,79";
"14.02.2018";"13:00";"9,56";"6,95";
"14.02.2018";"13:15";"9,43";"7";
"14.02.2018";"13:30";"9,42";"7,26";
"14.02.2018";"13:45";"9,55";"6,77";
"14.02.2018";"14:00";"9,13";"6,52";
"14.02.2018";"14:15";"9,14";"6,33";
"14.02.2018";"14:30";"9,12";"7,25";
"14.02.2018";"14:45";"8,79";"6,52";
"14.02.2018";"15:00";"8,68";"6,46";
"14.02.2018";"15:15";"8,76";"6,25";
"14.02.2018";"15:30";"8,85";"5,93";
"14.02.2018";"15:45";"8,64";"6,13";
"14.02.2018";"16:00";"8,92";"5,84";
"14.02.2018";"16:15";"8,69";"5,47";
"14.02.2018";"16:30";"8,71";"6,11";
"14.02.2018";"16:45";"8,59";"5,82";
"14.02.2018";"17:00";"8,39";"4,63";
"14.02.2018";"17:15";"8,1";"5,66";
"14.02.2018";"17:30";"7,81";"5,03";
"14.02.2018";"17:45";"7,66";"5,14";
"14.02.2018";"18:00";"6,74";"4,85";
"14.02.2018";"18:15";"6,46";"4,58";
"14.02.2018";"18:30";"6,33";"3,94";
"14.02.2018";"18:45";"5,56";"3,88";
"14.02.2018";"19:00";"5,17";"3,64";
"14.02.2018";"19:15";"4,88";"3,32";
"14.02.2018";"19:30";"4,57";"3,04";
"14.02.2018";"19:45";"4,18";"2,51";
"14.02.2018";"20:00";"3,73";"2,21";
"14.02.2018";"20:15";"3,29";"2,27";
"14.02.2018";"20:30";"3,01";"2,1";
"14.02.2018";"20:45";"2,72";"1,65";
"14.02.2018";"21:00";"2,47";"1,35";
"14.02.2018";"21:15";"2,01";"1,06";
"14.02.2018";"21:30";"2,07";"1,39";
"14.02.2018";"21:45";"1,68";"1,25";
"14.02.2018";"22:00";"1,59";"0,66";
"14.02.2018";"22:15";"1,64";"0,69";
"14.02.2018";"22:30";"1,67";"0,78";
"14.02.2018";"22:45";"1,82";"0,8";
"14.02.2018";"23:00";"1,43";"0,46";
"14.02.2018";"23:15";"1,24";"0,49";
"14.02.2018";"23:30";"1,24";"0,51";
"14.02.2018";"23:45";"1,25";"0,52";
"15.02.2018";"00:00";"1,05";"0,5";
"15.02.2018";"00:15";"1,11";"0,55";
"15.02.2018";"00:30";"1,12";"0,56";
"15.02.2018";"00:45";"1,3";"0,43";
"15.02.2018";"01:00";"0,8";"0,4";
"15.02.2018";"01:15";"0,55";"0,28";
"15.02.2018";"01:30";"0,59";"0,42";
"15.02.2018";"01:45";"0,62";"0,53";
"15.02.2018";"02:00";"0,61";"0,42";
"15.02.2018";"02:15";"0,56";"0,48";
"15.02.2018";"02:30";"0,55";"0,43";
"15.02.2018";"02:45";"0,63";"0,3";
"15.02.2018";"03:00";"0,44";"0,33";
"15.02.2018";"03:15";"0,61";"0,25";
"15.02.2018";"03:30";"0,45";"0,28";
"15.02.2018";"03:45";"0,51";"0,28";
"15.02.2018";"04:00";"0,51";"0,4";
"15.02.2018";"04:15";"0,53";"0,23";
"15.02.2018";"04:30";"0,54";"0,22";
"15.02.2018";"04:45";"0,66";"0,22";
"15.02.2018";"05:00";"0,85";"0,28";
"15.02.2018";"05:15";"0,7";"0,25";
"15.02.2018";"05:30";"1,23";"0,49";
"15.02.2018";"05:45";"1,25";"0,49";
"15.02.2018";"06:00";"1,07";"0,95";
"15.02.2018";"06:15";"1,43";"1,05";
"15.02.2018";"06:30";"1,38";"0,88";
"15.02.2018";"06:45";"1,38";"0,79";
"15.02.2018";"07:00";"1,81";"1,28";
"15.02.2018";"07:15";"2,21";"1,37";
"15.02.2018";"07:30";"2,22";"1,51";
"15.02.2018";"07:45";"2,57";"1,56";
"15.02.2018";"08:00";"3,14";"2,8";
"15.02.2018";"08:15";"3,73";"2,6";
"15.02.2018";"08:30";"4,3";"3,06";
"15.02.2018";"08:45";"5";"3,65";
"15.02.2018";"09:00";"5,74";"4,28";
"15.02.2018";"09:15";"6,41";"4,53";
"15.02.2018";"09:30";"7,48";"5,34";
"15.02.2018";"09:45";"7,98";"5,88";
"15.02.2018";"10:00";"8,25";"6,32";
"15.02.2018";"10:15";"8,67";"6,8";
"15.02.2018";"10:30";"8,89";"7,02";
"15.02.2018";"10:45";"9,07";"6,82";
"15.02.2018";"11:00";"8,94";"7,05";
"15.02.2018";"11:15";"8,76";"7,03";
"15.02.2018";"11:30";"8,82";"7,54";
"15.02.2018";"11:45";"8,77";"6,87";
"15.02.2018";"12:00";"8,7";"7,06";
"15.02.2018";"12:15";"8,76";"6,45";
"15.02.2018";"12:30";"8,79";"6,74";
"15.02.2018";"12:45";"8,82";"7,2";
"15.02.2018";"13:00";"8,78";"6,88";
"15.02.2018";"13:15";"8,62";"6,97";
"15.02.2018";"13:30";"9,02";"7,26";
"15.02.2018";"13:45";"8,64";"6,67";
"15.02.2018";"14:00";"8,6";"6,14";
"15.02.2018";"14:15";"8,36";"5,91";
"15.02.2018";"14:30";"8,28";"6,65";
"15.02.2018";"14:45";"8,11";"7,17";
"15.02.2018";"15:00";"7,95";"5,91";
"15.02.2018";"15:15";"7,91";"5,74";
"15.02.2018";"15:30";"8,08";"5,32";
"15.02.2018";"15:45";"7,92";"5,73";
"15.02.2018";"16:00";"7,93";"5,55";
"15.02.2018";"16:15";"7,91";"5,37";
"15.02.2018";"16:30";"7,98";"5,18";
"15.02.2018";"16:45";"7,64";"5,76";
"15.02.2018";"17:00";"7,58";"4,57";
"15.02.2018";"17:15";"7,36";"4,56";
"15.02.2018";"17:30";"6,9";"5,78";
"15.02.2018";"17:45";"6,34";"4,61";
"15.02.2018";"18:00";"5,87";"3,77";
"15.02.2018";"18:15";"5,68";"3,59";
"15.02.2018";"18:30";"5,36";"3,45";
"15.02.2018";"18:45";"5,03";"3,33";
"15.02.2018";"19:00";"4,53";"2,97";
"15.02.2018";"19:15";"4,3";"2,68";
"15.02.2018";"19:30";"3,91";"2,47";
"15.02.2018";"19:45";"3,56";"2,48";
"15.02.2018";"20:00";"3,14";"2,11";
"15.02.2018";"20:15";"2,77";"1,89";
"15.02.2018";"20:30";"3";"1,84";
"15.02.2018";"20:45";"2,73";"2,15";
"15.02.2018";"21:00";"2,92";"1,53";
"15.02.2018";"21:15";"2,61";"1,47";
"15.02.2018";"21:30";"2,69";"1,69";
"15.02.2018";"21:45";"2,3";"1,7";
"15.02.2018";"22:00";"2,22";"1,02";
"15.02.2018";"22:15";"1,85";"0,89";
"15.02.2018";"22:30";"1,85";"0,95";
"15.02.2018";"22:45";"2";"1,03";
"15.02.2018";"23:00";"1,28";"0,61";
"15.02.2018";"23:15";"1,36";"0,54";
"15.02.2018";"23:30";"1,18";"0,54";
"15.02.2018";"23:45";"1,16";"0,64";
"16.02.2018";"00:00";"1,08";"0,71";
"16.02.2018";"00:15";"1,09";"0,57";
"16.02.2018";"00:30";"1,03";"0,59";
"16.02.2018";"00:45";"1,11";"0,51";
"16.02.2018";"01:00";"1,11";"0,55";
"16.02.2018";"01:15";"0,93";"0,6";
"16.02.2018";"01:30";"1,13";"0,65";
"16.02.2018";"01:45";"1,11";"0,8";
"16.02.2018";"02:00";"1,15";"1,03";
"16.02.2018";"02:15";"1,22";"1,21";
"16.02.2018";"02:30";"1,25";"0,86";
"16.02.2018";"02:45";"1,32";"0,64";
"16.02.2018";"03:00";"1,15";"0,69";
"16.02.2018";"03:15";"1,32";"0,63";
"16.02.2018";"03:30";"0,69";"0,35";
"16.02.2018";"03:45";"0,58";"0,29";
"16.02.2018";"04:00";"0,59";"0,32";
"16.02.2018";"04:15";"0,56";"0,27";
"16.02.2018";"04:30";"0,5";"0,23";
"16.02.2018";"04:45";"0,54";"0,19";
"16.02.2018";"05:00";"0,67";"0,31";
"16.02.2018";"05:15";"0,67";"0,24";
"16.02.2018";"05:30";"0,97";"0,41";
"16.02.2018";"05:45";"1,05";"0,43";
"16.02.2018";"06:00";"1,05";"1,01";
"16.02.2018";"06:15";"1,04";"0,87";
"16.02.2018";"06:30";"1,37";"1,19";
"16.02.2018";"06:45";"1,44";"0,96";
"16.02.2018";"07:00";"2,03";"2,12";
"16.02.2018";"07:15";"2";"1,71";
"16.02.2018";"07:30";"2,51";"1,39";
"16.02.2018";"07:45";"2,7";"1,95";
"16.02.2018";"08:00";"3,44";"3,23";
"16.02.2018";"08:15";"3,98";"3,3";
"16.02.2018";"08:30";"4,78";"3,54";
"16.02.2018";"08:45";"5,35";"3,59";
"16.02.2018";"09:00";"6,01";"5,44";
"16.02.2018";"09:15";"6,81";"6,31";
"16.02.2018";"09:30";"7,53";"5,55";
"16.02.2018";"09:45";"8,16";"6,9";
"16.02.2018";"10:00";"8,45";"6,62";
"16.02.2018";"10:15";"8,55";"7,19";
"16.02.2018";"10:30";"9,15";"7,1";
"16.02.2018";"10:45";"9,38";"7,64";
"16.02.2018";"11:00";"9,81";"7,72";
"16.02.2018";"11:15";"9,8";"8,55";
"16.02.2018";"11:30";"10,04";"8,82";
"16.02.2018";"11:45";"9,71";"8,43";
"16.02.2018";"12:00";"9,72";"8,76";
"16.02.2018";"12:15";"9,55";"7,65";
"16.02.2018";"12:30";"9,65";"8,12";
"16.02.2018";"12:45";"9,41";"7,65";
"16.02.2018";"13:00";"9,22";"7,83";
"16.02.2018";"13:15";"9,47";"8,29";
"16.02.2018";"13:30";"9,48";"8,29";
"16.02.2018";"13:45";"9,22";"8,29";
"16.02.2018";"14:00";"9,27";"7,77";
"16.02.2018";"14:15";"8,93";"7";
"16.02.2018";"14:30";"8,81";"7,42";
"16.02.2018";"14:45";"8,68";"8,68";
"16.02.2018";"15:00";"8,67";"8,55";
"16.02.2018";"15:15";"8,47";"8,57";
"16.02.2018";"15:30";"8,66";"7,84";
"16.02.2018";"15:45";"8,36";"8,82";
"16.02.2018";"16:00";"8,45";"7,2";
"16.02.2018";"16:15";"8,29";"7,51";
"16.02.2018";"16:30";"8,32";"6,83";
"16.02.2018";"16:45";"8,01";"7,59";
"16.02.2018";"17:00";"8,04";"6,49";
"16.02.2018";"17:15";"7,68";"6,53";
"16.02.2018";"17:30";"7,39";"6,23";
"16.02.2018";"17:45";"6,94";"7,01";
"16.02.2018";"18:00";"6,68";"4,88";
"16.02.2018";"18:15";"6,53";"4,7";
"16.02.2018";"18:30";"5,99";"4,34";
"16.02.2018";"18:45";"5,58";"3,76";
"16.02.2018";"19:00";"4,82";"3,71";
"16.02.2018";"19:15";"4,61";"3,68";
"16.02.2018";"19:30";"4,47";"2,9";
"16.02.2018";"19:45";"3,61";"2,87";
"16.02.2018";"20:00";"3,2";"3,08";
"16.02.2018";"20:15";"3,2";"3,24";
"16.02.2018";"20:30";"2,89";"2,72";
"16.02.2018";"20:45";"2,48";"2,62";
"16.02.2018";"21:00";"2,5";"1,28";
"16.02.2018";"21:15";"2,22";"1,27";
"16.02.2018";"21:30";"2,14";"1,32";
"16.02.2018";"21:45";"1,73";"1,2";
"16.02.2018";"22:00";"1,77";"0,94";
"16.02.2018";"22:15";"1,81";"0,97";
"16.02.2018";"22:30";"2";"0,78";
"16.02.2018";"22:45";"1,44";"1,36";
"16.02.2018";"23:00";"1,32";"0,64";
"16.02.2018";"23:15";"1,25";"0,65";
"16.02.2018";"23:30";"1,3";"0,7";
"16.02.2018";"23:45";"1,33";"0,65";
"17.02.2018";"00:00";"0,83";"0,54";
"17.02.2018";"00:15";"0,87";"0,4";
"17.02.2018";"00:30";"0,87";"0,5";
"17.02.2018";"00:45";"0,9";"0,54";
"17.02.2018";"01:00";"0,89";"0,3";
"17.02.2018";"01:15";"0,93";"0,52";
"17.02.2018";"01:30";"0,55";"0,35";
"17.02.2018";"01:45";"0,6";"0,3";
"17.02.2018";"02:00";"0,6";"0,32";
"17.02.2018";"02:15";"0,65";"0,3";
"17.02.2018";"02:30";"0,68";"0,42";
"17.02.2018";"02:45";"0,68";"0,32";
"17.02.2018";"03:00";"0,64";"0,28";
"17.02.2018";"03:15";"1,08";"0,43";
"17.02.2018";"03:30";"0,92";"0,35";
"17.02.2018";"03:45";"0,79";"0,36";
"17.02.2018";"04:00";"0,7";"0,36";
"17.02.2018";"04:15";"0,39";"0,28";
"17.02.2018";"04:30";"0,4";"0,24";
"17.02.2018";"04:45";"0,41";"0,2";
"17.02.2018";"05:00";"0,75";"0,21";
"17.02.2018";"05:15";"0,74";"0,2";
"17.02.2018";"05:30";"0,59";"0,24";
"17.02.2018";"05:45";"1,01";"0,4";
"17.02.2018";"06:00";"1,01";"0,5";
"17.02.2018";"06:15";"1,47";"0,74";
"17.02.2018";"06:30";"1,42";"0,77";
"17.02.2018";"06:45";"1,54";"0,78";
"17.02.2018";"07:00";"1,86";"1,51";
"17.02.2018";"07:15";"1,9";"1,54";
"17.02.2018";"07:30";"2,05";"1,84";
"17.02.2018";"07:45";"2,3";"2,06";
"17.02.2018";"08:00";"2,61";"2,7";
"17.02.2018";"08:15";"3,16";"2,45";
"17.02.2018";"08:30";"3,47";"2,67";
"17.02.2018";"08:45";"3,97";"2,64";
"17.02.2018";"09:00";"4,27";"4";
"17.02.2018";"09:15";"4,93";"4,07";
"17.02.2018";"09:30";"6,04";"3,79";
"17.02.2018";"09:45";"6,23";"4,62";
"17.02.2018";"10:00";"6,82";"5,6";
"17.02.2018";"10:15";"7,16";"5,83";
"17.02.2018";"10:30";"8,07";"6,21";
"17.02.2018";"10:45";"8,38";"6,4";
"17.02.2018";"11:00";"8,65";"6,86";
"17.02.2018";"11:15";"9,01";"7,29";
"17.02.2018";"11:30";"8,98";"7,11";
"17.02.2018";"11:45";"9,19";"7,2";
"17.02.2018";"12:00";"9,18";"7,05";
"17.02.2018";"12:15";"8,75";"7,18";
"17.02.2018";"12:30";"8,74";"6,77";
"17.02.2018";"12:45";"8,28";"7,47";
"17.02.2018";"13:00";"8,07";"6,54";
"17.02.2018";"13:15";"7,73";"6,04";
"17.02.2018";"13:30";"7,2";"5,22";
"17.02.2018";"13:45";"7,18";"5,7";
"17.02.2018";"14:00";"6,82";"5,85";
"17.02.2018";"14:15";"6,56";"5,68";
"17.02.2018";"14:30";"6,69";"5,81";
"17.02.2018";"14:45";"6,53";"5,79";
"17.02.2018";"15:00";"6,59";"5,42";
"17.02.2018";"15:15";"6,38";"4,73";
"17.02.2018";"15:30";"6,06";"4,52";
"17.02.2018";"15:45";"6,1";"5,06";
"17.02.2018";"16:00";"5,64";"4,17";
"17.02.2018";"16:15";"5,39";"4,35";
"17.02.2018";"16:30";"5,15";"4,13";
"17.02.2018";"16:45";"4,89";"3,86";
"17.02.2018";"17:00";"4,77";"3,46";
"17.02.2018";"17:15";"3,92";"2,81";
"17.02.2018";"17:30";"3,51";"2,97";
"17.02.2018";"17:45";"3,22";"2,82";
"17.02.2018";"18:00";"2,93";"2,28";
"17.02.2018";"18:15";"2,9";"2,75";
"17.02.2018";"18:30";"2,74";"2,09";
"17.02.2018";"18:45";"2,66";"2,41";
"17.02.2018";"19:00";"2,32";"1,48";
"17.02.2018";"19:15";"2,26";"1,49";
"17.02.2018";"19:30";"2,42";"1,51";
"17.02.2018";"19:45";"1,83";"1,16";
"17.02.2018";"20:00";"1,83";"1,36";
"17.02.2018";"20:15";"1,84";"1,54";
"17.02.2018";"20:30";"1,51";"1,19";
"17.02.2018";"20:45";"1,42";"1,07";
"17.02.2018";"21:00";"1,62";"0,75";
"17.02.2018";"21:15";"1,65";"0,85";
"17.02.2018";"21:30";"1,79";"0,65";
"17.02.2018";"21:45";"1,74";"1,01";
"17.02.2018";"22:00";"1,93";"0,76";
"17.02.2018";"22:15";"1,47";"0,61";
"17.02.2018";"22:30";"1,49";"0,7";
"17.02.2018";"22:45";"1,53";"0,78";
"17.02.2018";"23:00";"1,35";"0,41";
"17.02.2018";"23:15";"1,43";"0,66";
"17.02.2018";"23:30";"1,3";"0,47";
"17.02.2018";"23:45";"1,32";"0,54";
"18.02.2018";"00:00";"1,2";"0";
"18.02.2018";"00:15";"1,19";"0";
"18.02.2018";"00:30";"1,18";"0";
"18.02.2018";"00:45";"1,15";"0";
"18.02.2018";"01:00";"1,15";"0";
"18.02.2018";"01:15";"1,15";"0";
"18.02.2018";"01:30";"1,16";"0";
"18.02.2018";"01:45";"1,14";"0";
"18.02.2018";"02:00";"1,14";"0";
"18.02.2018";"02:15";"1,12";"0";
"18.02.2018";"02:30";"1,11";"0";
"18.02.2018";"02:45";"1,07";"0";
"18.02.2018";"03:00";"1,04";"0";
"18.02.2018";"03:15";"1,01";"0";
"18.02.2018";"03:30";"1,02";"0";
"18.02.2018";"03:45";"1,03";"0";
"18.02.2018";"04:00";"1,03";"0";
"18.02.2018";"04:15";"1,07";"0";
"18.02.2018";"04:30";"1,11";"0";
"18.02.2018";"04:45";"1,15";"0";
"18.02.2018";"05:00";"1,18";"0";
"18.02.2018";"05:15";"1,23";"0";
"18.02.2018";"05:30";"1,28";"0";
"18.02.2018";"05:45";"1,3";"0";
"18.02.2018";"06:00";"0,89";"0,5";
"18.02.2018";"06:15";"0,9";"0,4";
"18.02.2018";"06:30";"0,85";"0,18";
"18.02.2018";"06:45";"1,48";"0,64";
"18.02.2018";"07:00";"1,33";"1,39";
"18.02.2018";"07:15";"1,35";"1";
"18.02.2018";"07:30";"1,33";"1,14";
"18.02.2018";"07:45";"1,24";"1,36";
"18.02.2018";"08:00";"1,38";"1,08";
"18.02.2018";"08:15";"1,3";"0,89";
"18.02.2018";"08:30";"1,84";"0,94";
"18.02.2018";"08:45";"1,69";"1,07";
"18.02.2018";"09:00";"2,26";"1,21";
"18.02.2018";"09:15";"2,15";"1,16";
"18.02.2018";"09:30";"2,56";"1,51";
"18.02.2018";"09:45";"2,97";"1,6";
"18.02.2018";"10:00";"2,85";"1,9";
"18.02.2018";"10:15";"2,81";"1,65";
"18.02.2018";"10:30";"3,24";"2,1";
"18.02.2018";"10:45";"3,27";"1,86";
"18.02.2018";"11:00";"3,28";"2,34";
"18.02.2018";"11:15";"3,31";"1,85";
"18.02.2018";"11:30";"2,97";"1,63";
"18.02.2018";"11:45";"2,87";"1,67";
"18.02.2018";"12:00";"2,76";"1,94";
"18.02.2018";"12:15";"2,84";"1,86";
"18.02.2018";"12:30";"2,71";"2,02";
"18.02.2018";"12:45";"2,75";"2,01";
"18.02.2018";"13:00";"2,71";"2,01";
"18.02.2018";"13:15";"2,68";"1,61";
"18.02.2018";"13:30";"2,86";"1,82";
"18.02.2018";"13:45";"2,47";"1,46";
"18.02.2018";"14:00";"2,46";"1,47";
"18.02.2018";"14:15";"2,52";"1,69";
"18.02.2018";"14:30";"2,89";"2,37";
"18.02.2018";"14:45";"2,87";"2,36";
"18.02.2018";"15:00";"2,75";"2,27";
"18.02.2018";"15:15";"2,87";"2,07";
"18.02.2018";"15:30";"2,77";"2,29";
"18.02.2018";"15:45";"2,72";"2,15";
"18.02.2018";"16:00";"2,7";"2,22";
"18.02.2018";"16:15";"2,26";"2,21";
"18.02.2018";"16:30";"2,38";"1,71";
"18.02.2018";"16:45";"2,25";"1,78";
"18.02.2018";"17:00";"1,93";"1,53";
"18.02.2018";"17:15";"1,89";"1,42";
"18.02.2018";"17:30";"1,85";"1,81";
"18.02.2018";"17:45";"1,84";"1,61";
"18.02.2018";"18:00";"1,44";"1,28";
"18.02.2018";"18:15";"1,65";"1,13";
"18.02.2018";"18:30";"1,52";"1,05";
"18.02.2018";"18:45";"1,58";"1,33";
"18.02.2018";"19:00";"1,67";"1,69";
"18.02.2018";"19:15";"1,79";"2,69";
"18.02.2018";"19:30";"1,58";"1,52";
"18.02.2018";"19:45";"1,67";"1,03";
"18.02.2018";"20:00";"1,61";"1,6";
"18.02.2018";"20:15";"1,68";"1,81";
"18.02.2018";"20:30";"1,22";"1,37";
"18.02.2018";"20:45";"1,13";"0,92";
"18.02.2018";"21:00";"1,08";"0,72";
"18.02.2018";"21:15";"1,13";"0,67";
"18.02.2018";"21:30";"1,11";"0,62";
"18.02.2018";"21:45";"1,03";"0,68";
"18.02.2018";"22:00";"1,15";"0,32";
"18.02.2018";"22:15";"1,07";"0,72";
"18.02.2018";"22:30";"1,09";"0,58";
"18.02.2018";"22:45";"1,05";"0,67";
"18.02.2018";"23:00";"1,17";"0,59";
"18.02.2018";"23:15";"0,63";"0,23";
"18.02.2018";"23:30";"0,51";"0,29";
"18.02.2018";"23:45";"0,45";"0,24";
